Project Name,Ferke
Country,Cote d'Ivoire
US State (if applicable),
US Region (if applicable),
Latitude,9.31549
Longitude,-5.30861
DC Capacity (kWp),4040
Date of First Operation,2025-06-28
Begin Timestamp,2026-01-01
End Timestamp,2026-08-16
Total Energy Production (MWh),3640.7804
Total Carbon Reduction (tCO2e),
AVERT Emissions Factor,
Ember Emissions Factor (gCO2e/kWh),
No. of Type 1 Customers,
No. of Type 2 Customers,
Type 1-MA Consumption (MWh),
Type 1-MB Consumption (MWh),
Type 2 Consumption (MWh),
Diesel Consumption (L),
Diesel Production (MWh),
Type of Installation,Distributed PV
,
Datetime,Measured kWh
2026-01-01,18937.4
2026-01-02,18483.6
2026-01-03,17547.9
2026-01-04,15763
2026-01-05,17284.2
2026-01-06,17770.9
2026-01-07,17100.3
2026-01-08,16128.4
2026-01-09,15109.5
2026-01-10,19593.7
2026-01-11,18518.4
2026-01-12,17580.7
2026-01-13,18126.2
2026-01-14,16739.4
2026-01-15,16354.1
2026-01-16,16606.3
2026-01-17,17196.6
2026-01-18,15293.2
2026-01-19,18193.9
2026-01-20,18650.2
2026-01-21,19316.4
2026-01-22,19921.9
2026-01-23,17622.6
2026-01-24,18153.5
2026-01-25,0
2026-01-26,20372.8
2026-01-27,20373.2
2026-01-28,19279.3
2026-01-29,19017.5
2026-01-30,20002.9
2026-01-31,19767.3
2026-02-01,19508.5
2026-02-02,19007.2
2026-02-03,7562.3
2026-02-04,18571.8
2026-02-05,22381.1
2026-02-06,21640.4
2026-02-07,21839.2
2026-02-08,23069.5
2026-02-09,22567.8
2026-02-10,18383.7
2026-02-11,19657.6
2026-02-12,21209.7
2026-02-13,21788.2
2026-02-14,20953
2026-02-15,626.7
2026-02-16,15947.7
2026-02-17,20710.5
2026-02-18,19970.8
2026-02-19,16860.1
2026-02-20,15782.9
2026-02-21,13424.2
2026-02-22,23414.6
2026-02-23,23433.2
2026-02-24,22260.1
2026-02-25,20003.8
2026-02-26,20064.3
2026-02-27,16660.3
2026-02-28,14082
2026-03-01,15269.1
2026-03-02,117.4
2026-03-03,14721
2026-03-04,20392.6
2026-03-05,19476.4
2026-03-06,17826.2
2026-03-07,8262.1
2026-03-08,10993.5
2026-03-09,20079.3
2026-03-10,21947.6
2026-03-11,20713
2026-03-12,21376.8
2026-03-13,15282
2026-03-14,21808.5
2026-03-15,20267.2
2026-03-16,23329.1
2026-03-17,21127.7
2026-03-18,20133.2
2026-03-19,20321.7
2026-03-20,20648.2
2026-03-21,21672.5
2026-03-22,20298.4
2026-03-23,9667.7
2026-03-24,18596.6
2026-03-25,17908.8
2026-03-26,22912.1
2026-03-27,17233.5
2026-03-28,18166
2026-03-29,17459
2026-03-30,20959.6
2026-03-31,15452.3
2026-04-01,18689.6
2026-04-02,23861.9
2026-04-03,20404.4
2026-04-04,23061.3
2026-04-05,23349.2
2026-04-06,23515.8
2026-04-07,20741
2026-04-08,21476.7
2026-04-09,19149
2026-04-10,18505.2
2026-04-11,17492.6
2026-04-12,11202.4
2026-04-13,11468.2
2026-04-14,9078.1
2026-04-15,22546.9
2026-04-16,23029.1
2026-04-17,21988.3
2026-04-18,21809.7
2026-04-19,21707.9
2026-04-20,9086
2026-04-21,16550.3
2026-04-22,17438.5
2026-04-23,21778.5
2026-04-24,21650.1
2026-04-25,22048.8
2026-04-26,22415.1
2026-04-27,18109.3
2026-04-28,20139.8
2026-04-29,20084.2
2026-04-30,20385.2
2026-05-01,21851.8
2026-05-02,19601.2
2026-05-03,22985.5
2026-05-04,13332.6
2026-05-05,18515.6
2026-05-06,21380.4
2026-05-07,18790.6
2026-05-08,20367.6
2026-05-09,11292.1
2026-05-10,22559.2
2026-05-11,21189.9
2026-05-12,18651.7
2026-05-13,20433.9
2026-05-14,19721.4
2026-05-15,19738.4
2026-05-16,10053.4
2026-05-17,19718.8
2026-05-18,6120.9
2026-05-19,15690.6
2026-05-20,13124.9
2026-05-21,17045.9
2026-05-22,13906.9
2026-05-23,12873.3
2026-05-24,10247.3
2026-05-25,10948.8
2026-05-26,11424.7
2026-05-27,19866.8
2026-05-28,19103.4
2026-05-29,16164.7
2026-05-30,19085.5
2026-05-31,12658
2026-06-01,14852.9
2026-06-02,11787.4
2026-06-03,20020.9
2026-06-04,8321.8
2026-06-05,17047.4
2026-06-06,13898.1
2026-06-07,16038.5
2026-06-08,14673.2
2026-06-09,11066
2026-06-10,11636
2026-06-11,9609.3
2026-06-12,12110.4
2026-06-13,8160.8
2026-06-14,8243.4
2026-06-15,14971
2026-06-16,18260.6
2026-06-17,17027.8
2026-06-18,17604.8
2026-06-19,13680.1
2026-06-20,13099.1
2026-06-21,16172.7
2026-06-22,15904.2
2026-06-23,18322.2
2026-06-24,15827.4
2026-06-25,17913.5
2026-06-26,19326.4
2026-06-27,16047.6
2026-06-28,15948.3
2026-06-29,1928
2026-06-30,10598.1
2026-07-01,9815
2026-07-02,15488.3
2026-07-03,10826.5
2026-07-04,9982.1
2026-07-05,10710
2026-07-06,16331.6
2026-07-07,13386.9
2026-07-08,18633.5
2026-07-09,9385.5
2026-07-10,8051.5
2026-07-11,12741.5
2026-07-12,8662.8
2026-07-13,6497
2026-07-14,13719.3
2026-07-15,10547.5
2026-07-16,10861.2
2026-07-17,14861.9
2026-07-18,13649.5
2026-07-19,12113.3
2026-07-20,14729.1
2026-07-21,17642.7
2026-07-22,17485.6
2026-07-23,9786.3
2026-07-24,8325.3
2026-07-25,10854
2026-07-26,13565.3
2026-07-27,13589.9
2026-07-28,14736.6
2026-07-29,5576.5
2026-07-30,10958.6
2026-07-31,10533.1
2026-08-01,10191.9
2026-08-02,3860.7
2026-08-03,7140.4
2026-08-04,8368.8
2026-08-05,8059.7
2026-08-06,9601.5
2026-08-07,10187.1
2026-08-08,10253.9
2026-08-09,6943.4
2026-08-10,4641.7
2026-08-11,7014.7
2026-08-12,6033.7
2026-08-13,8256.1
2026-08-14,10477.3
2026-08-15,10055.8
2026-08-16,7733.4