Project Name,SteelFab of GA
Country,United States of America
US State (if applicable),Georgia
US Region (if applicable),Southeast
Latitude,32.5272565
Longitude,-82.9115788
DC Capacity (kWp),362.88
Begin Timestamp,2023-01-01
End Timestamp,2023-12-30
Total Energy Production (MWh),288.9358482
Total Carbon Reduction (tCO2e),195.0074524
AVERT Emissions Factor,0.674916088
Ember Emissions Factor,
No. of Type 1 Customers,
No. of Type 2 Customers,
Type 1-MA Consumption (MWh),
Type 1-MB Consumption (MWh),
Type 2 Consumption (MWh),
Diesel Consumption (L),
Diesel Production (MWh),
Type of Installation,Distributed PV
,
Datetime,Measured kWh
2023-01-01,360.890225
2023-01-02,350.6533583
2023-01-03,292.284775
2023-01-04,113.4482333
2023-01-05,531.17985
2023-01-06,639.5113083
2023-01-07,625.64385
2023-01-08,364.7506667
2023-01-09,650.8839167
2023-01-10,658.454
2023-01-11,506.298825
2023-01-12,288.7485917
2023-01-13,318.451
2023-01-14,686.0940583
2023-01-15,701.61795
2023-01-16,610.0363167
2023-01-17,445.91045
2023-01-18,276.1186667
2023-01-19,258.4927833
2023-01-20,660.3785583
2023-01-21,279.836825
2023-01-22,69.84434167
2023-01-23,726.1062167
2023-01-24,796.165525
2023-01-25,61.61961667
2023-01-26,667.0598333
2023-01-27,706.5518667
2023-01-28,776.0212
2023-01-29,117.4728417
2023-01-30,124.95915
2023-01-31,317.9201333
2023-02-01,541.1039667
2023-02-02,131.7985167
2023-02-03,722.423475
2023-02-04,872.5328667
2023-02-05,645.1671917
2023-02-06,906.9372083
2023-02-07,847.14065
2023-02-08,649.1564417
2023-02-09,525.733
2023-02-10,406.4751667
2023-02-11,101.6202
2023-02-12,260.5400583
2023-02-13,991.8023417
2023-02-14,930.5996
2023-02-15,834.406825
2023-02-16,690.9201833
2023-02-17,361.6797333
2023-02-18,1056.929708
2023-02-19,872.2715917
2023-02-20,742.8689417
2023-02-21,643.5742083
2023-02-22,840.416175
2023-02-23,558.6136917
2023-02-24,499.6238833
2023-02-25,558.1069917
2023-02-26,714.833875
2023-02-27,589.5476667
2023-02-28,816.07695
2023-03-01,594.2933
2023-03-02,362.3264083
2023-03-03,523.7746917
2023-03-04,870.7305917
2023-03-05,1057.109575
2023-03-06,907.6983833
2023-03-07,920.5018917
2023-03-08,1058.702625
2023-03-09,436.4986083
2023-03-10,184.0150333
2023-03-11,1088.835542
2023-03-12,163.87125
2023-03-13,1103.302308
2023-03-14,1205.693967
2023-03-15,1197.943025
2023-03-16,1181.636358
2023-03-17,601.7355333
2023-03-18,646.8396
2023-03-19,1214.835517
2023-03-20,1216.047733
2023-03-21,1129.864617
2023-03-22,798.3256583
2023-03-23,1088.126967
2023-03-24,1101.004733
2023-03-25,493.4982417
2023-03-26,439.2108917
2023-03-27,218.2733917
2023-03-28,313.5176833
2023-03-29,1112.370542
2023-03-30,1230.407425
2023-03-31,1125.313525
2023-04-01,605.29705
2023-04-02,1202.982475
2023-04-03,255.477225
2023-04-04,639.8085583
2023-04-05,1071.165425
2023-04-06,823.217675
2023-04-07,917.4226333
2023-04-08,149.0286
2023-04-09,792.4499
2023-04-10,1156.890758
2023-04-11,1278.044867
2023-04-12,1267.82235
2023-04-13,320.8962667
2023-04-14,962.7915167
2023-04-15,1224.587858
2023-04-16,786.65135
2023-04-17,1403.646158
2023-04-18,1334.941308
2023-04-19,1278.117
2023-04-20,1291.749967
2023-04-21,1192.984725
2023-04-22,1206.41615
2023-04-23,1307.9314
2023-04-24,956.2081583
2023-04-25,892.0116083
2023-04-26,847.1056
2023-04-27,411.4098583
2023-04-28,840.1329083
2023-04-29,1031.150208
2023-04-30,1037.311067
2023-05-01,1427.282017
2023-05-02,1476.761592
2023-05-03,1488.206392
2023-05-04,1407.926425
2023-05-05,465.2381667
2023-05-06,717.7459917
2023-05-07,1132.238117
2023-05-08,1131.243208
2023-05-09,1061.18265
2023-05-10,1294.546242
2023-05-11,1085.927292
2023-05-12,848.6998917
2023-05-13,931.9562
2023-05-14,1109.593867
2023-05-15,691.265025
2023-05-16,1112.451633
2023-05-17,840.87705
2023-05-18,436.2610917
2023-05-19,451.9473833
2023-05-20,699.27865
2023-05-21,829.6733417
2023-05-22,268.32045
2023-05-23,456.577425
2023-05-24,1037.989333
2023-05-25,1208.093083
2023-05-26,1024.854233
2023-05-27,911.3485
2023-05-28,700.066625
2023-05-29,1161.095258
2023-05-30,998.9040917
2023-05-31,912.8183667
2023-06-01,907.5458167
2023-06-02,1092.736208
2023-06-03,917.9623583
2023-06-04,1177.200583
2023-06-05,1236.1758
2023-06-06,1196.89215
2023-06-07,1022.568083
2023-06-08,1023.274383
2023-06-09,1070.593125
2023-06-10,1281.084225
2023-06-11,824.1500917
2023-06-12,1116.816417
2023-06-13,971.8113083
2023-06-14,276.0002333
2023-06-15,547.9432833
2023-06-16,907.0209917
2023-06-17,1248.505175
2023-06-18,1106.472
2023-06-19,500.597175
2023-06-20,806.7668917
2023-06-21,615.6677083
2023-06-22,720.9858833
2023-06-23,1008.04605
2023-06-24,1262.797217
2023-06-25,1223.836275
2023-06-26,1313.187067
2023-06-27,1354.980375
2023-06-28,1354.994558
2023-06-29,1192.855375
2023-06-30,1005.6451
2023-07-01,1098.698717
2023-07-02,1172.297008
2023-07-03,998.4277667
2023-07-04,920.8442333
2023-07-05,947.717825
2023-07-06,1155.621017
2023-07-07,1147.847508
2023-07-08,1206.566975
2023-07-09,1125.423342
2023-07-10,620.92715
2023-07-11,1173.214908
2023-07-12,1212.674875
2023-07-13,1209.119675
2023-07-14,878.06555
2023-07-15,979.6256583
2023-07-16,1218.248125
2023-07-17,1074.762617
2023-07-18,1128.596808
2023-07-19,845.6937
2023-07-20,1092.944133
2023-07-21,942.743225
2023-07-22,809.9988833
2023-07-23,582.17385
2023-07-24,885.6520833
2023-07-25,1243.325767
2023-07-26,1329.422775
2023-07-27,1365.777233
2023-07-28,507.8395333
2023-07-29,773.9976583
2023-07-30,1046.729933
2023-07-31,1193.031842
2023-08-01,1259.118075
2023-08-02,1189.7188
2023-08-03,853.5320083
2023-08-04,814.971075
2023-08-05,1045.2501
2023-08-06,1181.013667
2023-08-07,1183.958592
2023-08-08,1184.641125
2023-08-09,1295.918675
2023-08-10,1208.741908
2023-08-11,634.2466583
2023-08-12,1203.22495
2023-08-13,1258.03565
2023-08-14,1006.293367
2023-08-15,1213.636267
2023-08-16,1006.605292
2023-08-17,1375.195175
2023-08-18,1314.088925
2023-08-19,1185.233675
2023-08-20,1217.933525
2023-08-21,1231.36305
2023-08-22,1190.824058
2023-08-23,1087.163075
2023-08-24,1218.973467
2023-08-25,1056.863733
2023-08-26,1158.996292
2023-08-27,954.6437083
2023-08-28,1124.924267
2023-08-29,799.0589583
2023-08-30,141.6000917
2023-08-31,1020.708408
2023-09-01,706.046625
2023-09-02,983.4078083
2023-09-03,1186.857408
2023-09-04,1226.798167
2023-09-05,819.8041333
2023-09-06,1090.709683
2023-09-07,757.024325
2023-09-08,1165.409725
2023-09-09,736.53365
2023-09-10,1064.188533
2023-09-11,992.0685333
2023-09-12,995.09315
2023-09-13,783.4273667
2023-09-14,856.208175
2023-09-15,211.3642833
2023-09-16,770.9081917
2023-09-17,600.9613833
2023-09-18,1184.126333
2023-09-19,974.46
2023-09-20,876.516
2023-09-21,789.484
2023-09-22,1172.3
2023-09-23,1111.624
2023-09-24,1180.632
2023-09-25,1061.984
2023-09-26,379.56
2023-09-27,222.44
2023-09-28,879.628
2023-09-29,1015.956
2023-09-30,1033.616
2023-10-01,1034.352
2023-10-02,979.54
2023-10-03,1015.368
2023-10-04,1000.116
2023-10-05,928.28
2023-10-06,371.024
2023-10-07,989.6
2023-10-08,1032.416
2023-10-09,995.096
2023-10-10,778.8
2023-10-11,220.976
2023-10-12,224.416
2023-10-13,280.176
2023-10-14,464.52
2023-10-15,637.304
2023-10-16,805.408
2023-10-17,948.584
2023-10-18,915.688
2023-10-19,851.504
2023-10-20,577.528
2023-10-21,926.48
2023-10-22,830.792
2023-10-23,817.504
2023-10-24,883.512
2023-10-25,632.704
2023-10-26,643.68
2023-10-27,651.936
2023-10-28,693.832
2023-10-29,738.168
2023-10-30,756.088
2023-10-31,572.176
2023-11-01,800.928
2023-11-02,818.4
2023-11-03,769.688
2023-11-04,742.32
2023-11-05,713.288
2023-11-06,710.08
2023-11-07,695.008
2023-11-08,681.08
2023-11-09,596.232
2023-11-10,406.384
2023-11-11,60.6
2023-11-12,99.776
2023-11-13,421.616
2023-11-14,404.832
2023-11-15,166.968
2023-11-16,287.128
2023-11-17,351.104
2023-11-18,534.656
2023-11-19,507.832
2023-11-20,422.096
2023-11-21,151.176
2023-11-22,345.608
2023-11-23,580.008
2023-11-24,512.288
2023-11-25,297.52
2023-11-26,85.032
2023-11-27,590.992
2023-11-28,568.96
2023-11-29,605.504
2023-11-30,389.288
2023-12-01,314.4
2023-12-02,77.2
2023-12-03,138.832
2023-12-04,511.88
2023-12-05,566.912
2023-12-06,579.056
2023-12-07,492.736
2023-12-08,337.592
2023-12-09,398.016
2023-12-10,39.192
2023-12-11,642.088
2023-12-12,624.496
2023-12-13,568.496
2023-12-14,506.408
2023-12-15,584.624
2023-12-16,234.72
2023-12-17,63.84
2023-12-18,650.64
2023-12-19,658.288
2023-12-20,598.488
2023-12-21,618.696
2023-12-22,558.504
2023-12-23,537.744
2023-12-24,265.264
2023-12-25,120.176
2023-12-26,254.824
2023-12-27,519.232
2023-12-28,514.072
2023-12-29,561.088
2023-12-30,577.016
