Project Name,SteelFab of SC
Country,United States of America
US State (if applicable),South Carolina
US Region (if applicable),Carolinas
Latitude,34.1770333
Longitude,-79.7012481
DC Capacity (kWp),290.55
Begin Timestamp,2024-01-01
End Timestamp,2024-12-31
Total Energy Production (MWh),125.734772
Total Carbon Reduction (tCO2e),
AVERT Emissions Factor,
Ember Emissions Factor,
No. of Type 1 Customers,
No. of Type 2 Customers,
Type 1-MA Consumption (MWh),
Type 1-MB Consumption (MWh),
Type 2 Consumption (MWh),
Diesel Consumption (L),
Diesel Production (MWh),
Type of Installation,Distributed PV
,
Datetime,Measured kWh
2024-01-01,
2024-01-02,
2024-01-03,
2024-01-04,
2024-01-05,
2024-01-06,
2024-01-07,
2024-01-08,
2024-01-09,
2024-01-10,
2024-01-11,
2024-01-12,
2024-01-13,
2024-01-14,
2024-01-15,
2024-01-16,
2024-01-17,
2024-01-18,
2024-01-19,
2024-01-20,
2024-01-21,
2024-01-22,
2024-01-23,
2024-01-24,
2024-01-25,
2024-01-26,
2024-01-27,
2024-01-28,
2024-01-29,
2024-01-30,
2024-01-31,
2024-02-01,
2024-02-02,
2024-02-03,
2024-02-04,
2024-02-05,
2024-02-06,
2024-02-07,
2024-02-08,
2024-02-09,
2024-02-10,
2024-02-11,
2024-02-12,
2024-02-13,
2024-02-14,
2024-02-15,
2024-02-16,
2024-02-17,
2024-02-18,
2024-02-19,
2024-02-20,
2024-02-21,
2024-02-22,
2024-02-23,
2024-02-24,
2024-02-25,
2024-02-26,
2024-02-27,
2024-02-28,
2024-02-29,
2024-03-01,
2024-03-02,
2024-03-03,
2024-03-04,
2024-03-05,
2024-03-06,
2024-03-07,
2024-03-08,
2024-03-09,
2024-03-10,
2024-03-11,
2024-03-12,0
2024-03-13,241.284
2024-03-14,620.804
2024-03-15,324.404
2024-03-16,568.804
2024-03-17,530.512
2024-03-18,485.936
2024-03-19,694.66
2024-03-20,588.684
2024-03-21,595.892
2024-03-22,186.012
2024-03-23,237.708
2024-03-24,658.068
2024-03-25,620.828
2024-03-26,458.608
2024-03-27,184.98
2024-03-28,217.396
2024-03-29,663.224
2024-03-30,631.784
2024-03-31,622.096
2024-04-01,418.212
2024-04-02,492.508
2024-04-03,193.8
2024-04-04,522.876
2024-04-05,708.308
2024-04-06,703.296
2024-04-07,680.116
2024-04-08,585.172
2024-04-09,189.544
2024-04-10,389.164
2024-04-11,190.796
2024-04-12,687.1
2024-04-13,699.216
2024-04-14,691.976
2024-04-15,670.316
2024-04-16,570.012
2024-04-17,436.704
2024-04-18,633.016
2024-04-19,506.664
2024-04-20,509.504
2024-04-21,212.62
2024-04-22,538.98
2024-04-23,683.524
2024-04-24,602.788
2024-04-25,703.208
2024-04-26,440.972
2024-04-27,415.62
2024-04-28,409.18
2024-04-29,676.416
2024-04-30,527.108
2024-05-01,399
2024-05-02,605.396
2024-05-03,596.492
2024-05-04,289.416
2024-05-05,451.984
2024-05-06,413.088
2024-05-07,573.304
2024-05-08,513.892
2024-05-09,233.024
2024-05-10,447.692
2024-05-11,672.108
2024-05-12,750.396
2024-05-13,438.104
2024-05-14,183.884
2024-05-15,529.004
2024-05-16,471.904
2024-05-17,370.296
2024-05-18,324.292
2024-05-19,230.304
2024-05-20,630.812
2024-05-21,723.176
2024-05-22,704.416
2024-05-23,657.396
2024-05-24,644.028
2024-05-25,519.876
2024-05-26,685.38
2024-05-27,485.728
2024-05-28,640.796
2024-05-29,682.528
2024-05-30,755.66
2024-05-31,601.208
2024-06-01,644.284
2024-06-02,517.704
2024-06-03,518.8
2024-06-04,510.896
2024-06-05,632.728
2024-06-06,642.308
2024-06-07,687.496
2024-06-08,860.28
2024-06-09,724.008
2024-06-10,422.1
2024-06-11,791.408
2024-06-12,780.5
2024-06-13,710.5
2024-06-14,828.668
2024-06-15,663.232
2024-06-16,705.492
2024-06-17,665.092
2024-06-18,795.008
2024-06-19,741.608
2024-06-20,857.912
2024-06-21,700.964
2024-06-22,692.008
2024-06-23,716.204
2024-06-24,569.008
2024-06-25,821.804
2024-06-26,539.292
2024-06-27,539.492
2024-06-28,721.504
2024-06-29,619.196
2024-06-30,531.64
2024-07-01,754.868
2024-07-02,872.496
2024-07-03,825.196
2024-07-04,608.412
2024-07-05,645.588
2024-07-06,709.324
2024-07-07,416.176
2024-07-08,578.612
2024-07-09,605.892
2024-07-10,662.984
2024-07-11,511.628
2024-07-12,224.404
2024-07-13,611.568
2024-07-14,774.428
2024-07-15,617.804
2024-07-16,657.28
2024-07-17,731.312
2024-07-18,598.096
2024-07-19,583.4
2024-07-20,690.296
2024-07-21,589.008
2024-07-22,464.872
2024-07-23,599.036
2024-07-24,427.488
2024-07-25,329.008
2024-07-26,258.78
2024-07-27,584.12
2024-07-28,714.2
2024-07-29,227.3
2024-07-30,649.092
2024-07-31,588.988
2024-08-01,623.132
2024-08-02,373.396
2024-08-03,585.892
2024-08-04,411.896
2024-08-05,216.88
2024-08-06,72.7
2024-08-07,89.816
2024-08-08,207.7
2024-08-09,523.808
2024-08-10,543.396
2024-08-11,437.996
2024-08-12,443.904
2024-08-13,444.908
2024-08-14,631.076
2024-08-15,651.024
2024-08-16,562.188
2024-08-17,546.696
2024-08-18,511.596
2024-08-19,588.336
2024-08-20,500.664
2024-08-21,593.616
2024-08-22,645.584
2024-08-23,502.516
2024-08-24,535.38
2024-08-25,519.308
2024-08-26,580.096
2024-08-27,572.408
2024-08-28,530
2024-08-29,535.428
2024-08-30,501.08
2024-08-31,485.592
2024-09-01,526.688
2024-09-02,418.528
2024-09-03,587.208
2024-09-04,460.58
2024-09-05,377.584
2024-09-06,343.84
2024-09-07,356.972
2024-09-08,248.416
2024-09-09,604.288
2024-09-10,535.096
2024-09-11,344.288
2024-09-12,356.82
2024-09-13,179.792
2024-09-14,298.304
2024-09-15,191.984
2024-09-16,22.716
2024-09-17,333.008
2024-09-18,371.588
2024-09-19,341.496
2024-09-20,384.396
2024-09-21,453.208
2024-09-22,430.308
2024-09-23,257.68
2024-09-24,170.32
2024-09-25,329.004
2024-09-26,76.068
2024-09-27,293.52
2024-09-28,476.808
2024-09-29,299.2
2024-09-30,313
2024-10-01,212.396
2024-10-02,250.088
2024-10-03,378.8
2024-10-04,246.02
2024-10-05,310.696
2024-10-06,267.476
2024-10-07,390.52
2024-10-08,331.68
2024-10-09,252.2
2024-10-10,440.328
2024-10-11,437.296
2024-10-12,331.176
2024-10-13,387.616
2024-10-14,370.98
2024-10-15,381.128
2024-10-16,248.972
2024-10-17,387.816
2024-10-18,370.516
2024-10-19,346.184
2024-10-20,337.808
2024-10-21,315.496
2024-10-22,330.296
2024-10-23,320.304
2024-10-24,319.22
2024-10-25,312.068
2024-10-26,232.708
2024-10-27,74.5
2024-10-28,307.516
2024-10-29,160.4
2024-10-30,183.388
2024-10-31,192.708
2024-11-01,196.896
2024-11-02,278.48
2024-11-03,242.124
2024-11-04,231.284
2024-11-05,227.004
2024-11-06,142.304
2024-11-07,85.18
2024-11-08,199.628
2024-11-09,323.8
2024-11-10,193.896
2024-11-11,218.3
2024-11-12,322.308
2024-11-13,323.488
2024-11-14,82.196
2024-11-15,255.084
2024-11-16,299.828
2024-11-17,277.1
2024-11-18,280.908
2024-11-19,77.696
2024-11-20,100.988
2024-11-21,307.6
2024-11-22,233.504
2024-11-23,282.008
2024-11-24,262.3
2024-11-25,266.688
2024-11-26,88.304
2024-11-27,204.008
2024-11-28,73.38
2024-11-29,173.712
2024-11-30,249.9
2024-12-01,190.404
2024-12-02,251.608
2024-12-03,254.692
2024-12-04,233.908
2024-12-05,220.668
2024-12-06,241.016
2024-12-07,228.516
2024-12-08,200.208
2024-12-09,135.168
2024-12-10,130.008
2024-12-11,37.808
2024-12-12,228.792
2024-12-13,222.408
2024-12-14,237.2
2024-12-15,193.184
2024-12-16,222.008
2024-12-17,147.2
2024-12-18,67.208
2024-12-19,44.684
2024-12-20,108.608
2024-12-21,197.808
2024-12-22,195.192
2024-12-23,198.7
2024-12-24,133.992
2024-12-25,162.3
2024-12-26,143.208
2024-12-27,41.6
2024-12-28,76.5
2024-12-29,41.9
2024-12-30,195.408
2024-12-31,166.176
